asset_x,asset_y,correlation
AAPL,AAPL,1.0
AMZN,AAPL,0.5462905550708321
GOOGL,AAPL,0.5721046172346756
MSFT,AAPL,0.5988614305665495
AAPL,AMZN,0.5462905550708321
AMZN,AMZN,1.0
GOOGL,AMZN,0.6184374011160506
MSFT,AMZN,0.634683866234772
AAPL,GOOGL,0.5721046172346756
AMZN,GOOGL,0.6184374011160506
GOOGL,GOOGL,1.0
MSFT,GOOGL,0.6078952770833833
AAPL,MSFT,0.5988614305665495
AMZN,MSFT,0.634683866234772
GOOGL,MSFT,0.6078952770833833
MSFT,MSFT,1.0
