confidence_level,initial_portfolio_value,var_95_amount,var_95_percent
0.95,100000.0,24565.530577510697,0.24565530577510697
